Designator,Footprint,Quantity,Value,LCSC Part #
"C1, C10, C11, C12, C13, C14, C15, C16, C17, C18, C19, C2, C20, C21, C22, C23, C24, C25, C26, C27, C28, C29, C30, C31, C32",0603,25,22pF,
"C3, C5, C6, C7, C9",0603,5,0.1uF,
"C4, C8",0603,2,4.7uF,
D1,0603,1,LED,
"D10, D11, D12, D13, D14, D15, D16, D17, D18, D19, D20, D21, D22, D23, D24, D25, D26, D4, D5, D6, D7, D8, D9",LED_WS2812B_PLCC4_5.0x5.0mm_P3.2mm,23,WS2812B,
D2,0603,1,GREEN_TX,
D3,0603,1,RED_RX,
F1,1206,1,3A,
FB1,0603,1,FerriteBead,
"H1, H2",MountingHole_3.2mm_M3,2,MountingHole,
J2,PinHeader_2x03_P1.27mm_Vertical_SMD,1,Conn_02x03_Odd_Even,
J3,USB_C_Receptacle_GCT_USB4115-03-C,1,USB_C_Receptacle_USB2.0,
"R1, R2, R3",0603,3,1K,
"R4, R5, R6, R9",0603,4,330,
"R7, R8",0603,2,5.1K,
SW1,SW_Push_1P1T_NO_6x6mm_H9.5mm,1,RESET,
SW2,SW_500ASSP1M6QE,1,SW_SPDT,
U1,TQFP-32_7x7mm_P0.8mm,1,ATmega328P-A,
U2,SSOP-28_5.3x10.2mm_P0.65mm,1,FT232RL,
Y1,XTAL_ABLS7M-16.000MHZ-B-2-T,1,16 MHz,
